,date,CR,LO,PC,BG,BS,PU,AO,RN,PR,LC,PV,RE,MN,AL,TN,MO,MI,VC,AN,PD,BI,TS,BZ,MB,BL,VB,VR,PE,SO,NO,TV,MC,TO,AT,CO,FC,VE,LU,RA,GE,BO,VI,PT,IM,UD,SV,PG,PI,CN,SI,AR,PN,FI,PO,SS,SP,FE,VA,LI,TE,FG,AV,RO,CH,VT,LT,RM,BR,CT,BA,PZ,ME,LE,NA,RC,FR,SA,BT,CA,CE,AQ,SR,AG,CS,PA,TA,SU
0,2020-02-07,0.2618678294266194,0.3013553076771537,0.25988503595103185,0.3860663661781592,0.24449321694993603,0.20456184536396085,0.47761419947532113,0.28200384990277955,0.25466061106040233,0.35331519827887276,0.27719048154893694,0.20474113791732307,0.18074648457230288,0.3674477678868831,0.32746975380858173,0.277787362464847,0.9313209685345258,0.3408098165727604,0.24670611001220244,0.2909820320488751,0.2573450277609332,0.7953679278678749,0.34026072462071894,0.42902735507240564,0.24856256722924425,0.3880041609214968,0.2697103979509496,0.31290611301758864,0.44140878716782816,0.3618472043066878,0.17616959035864493,0.18346470329619297,0.809280689705541,0.27195633181655304,0.30018819494806576,0.31905268962107486,0.3427043776071281,0.17160851460211632,0.31518187254466307,1.19516220154699,0.585128367747235,0.20543981333314526,0.21905490086653606,1.8555192857777363,0.22369460456998871,0.6472048488725161,0.16397968537553909,0.22964425401712277,0.49172328988616004,0.14828278854905388,0.21402952737017286,0.23434376897482687,0.42880659881267313,0.2618879383092793,0.22894107954739495,0.6726361723285913,0.3281485028956787,0.3212839149005018,0.3332495730185318,0.20378750825827768,0.26505562347395456,0.25557102049968794,0.19320030528507035,0.18755091760176276,0.15562065044253445,0.14033901619411762,0.6698481966531632,0.20541771434862996,0.3285952714490361,0.45148374586871326,0.1515009711515496,0.365065578995254,0.15611693283543718,0.44031608912451825,0.23007367683314453,0.13547167846785008,0.29051279742985786,0.39769084884836564,0.3058230805690689,0.14837066743802807,0.14811413800518422,0.282201320373109,0.17596486245767118,0.2134320144861078,0.501969260523888,0.4462883181155698,0.11807856559368747
1,2020-02-08,0.3921029599679069,0.35126359812657243,0.3216912321560162,0.4229118735988724,0.2973578874766288,0.3188231925998261,0.43030584874139594,0.37640608083989574,0.3077954676091042,0.4138128963738605,0.27381087500388646,0.23533074778806629,0.1868120599886759,0.4543888807915128,0.27828689994160216,0.32615692464986273,0.8238529739165769,0.2630227471190379,0.21980530129324785,0.4049378822062992,0.3313872015408355,0.783669394878823,0.2896629661739557,0.4573943231383879,0.2428449605940838,0.488036079093163,0.5191134235745083,0.3795061197524295,0.5116292246349007,0.35830642142902686,0.2076133702416828,0.2728167102455194,0.8492475806537052,0.3165182905888492,0.32477399141147495,0.3695834027734453,0.5156458168846061,0.22158228256650792,0.29452059839844047,1.014698324297049,0.606385786794476,0.6183290368700332,0.22169530790960557,2.975043592439858,0.2334514712222033,0.6241825288326954,0.17419708304467538,0.22871079040967693,0.5228543061964102,0.14144813570043616,0.27694476013813485,0.25291287442883353,0.5531699205435054,0.3130777091346379,0.22028239041545003,0.4494302238298673,0.28834057242235117,0.33589654481395054,0.3860155607745967,0.207014186414458,0.2887516017057268,0.19824349556076604,0.2940704263685855,0.17068372318483419,0.09348171867685261,0.1939724820854866,0.5932787064398887,0.25249658392390123,0.3455554230930186,0.4846057967603435,0.13703859969197485,0.28331849313075347,0.14690254078669496,0.46859513300114825,0.2003540367902437,0.11731037918576875,0.3266837468049579,0.40271631062006175,0.2690045441533449,0.1749661406346469,0.19769254102920295,0.23487350378181304,0.18154681716753426,0.23258521669095653,0.44079598978031687,0.3807868930048659,0.1278589517759737
2,2020-02-09,0.7320067237274975,0.23302060875381383,0.21134269161516794,0.48150446902945526,0.2727237668278781,0.3685862052383442,0.32146360931689627,0.523685246099994,0.3966455348489144,0.291019404339479,0.21011996119548118,0.14954253355682082,0.23753898371934926,0.2581668175808954,0.253811714965522,0.25903685006938076,0.9896252198564754,0.3338013392213169,0.2531876234435951,0.26804458635075984,0.23576587754756653,0.33519017603705414,0.17915715342873986,0.3773997722806348,0.22701853739867675,0.21499923987704148,0.3676923762856849,0.3050121341303211,0.3134734240324268,0.3120535924191476,0.22020519428162413,0.2677545132987156,0.5995163764941417,0.15457217080778268,0.26651267439428933,0.3253526908757372,0.6421885788816828,0.9861281843877691,0.2633439138997093,0.8844373590904476,0.6205112924233251,0.5559720958781198,0.18532693956719992,1.1443820983282331,0.1769992679951902,0.5345165977628179,0.12574639409636307,0.18914425247899777,0.4511498274060381,0.08634973848252853,0.20448867380710978,0.12509603685817045,0.35110610812187204,0.26049025742503784,0.1524266744875369,0.3119032214903639,0.523647034033724,0.23739087717870908,0.2799829673448299,0.15387886818066562,0.22236727523015606,0.16480301774556683,0.21486489896239455,0.13966153783667512,0.10741299618841382,0.1863521752072844,0.4453803197700574,0.17441900197379367,0.3158850166175207,0.4819748299251503,0.10331980719295196,0.2306576843004932,0.14721660092782635,0.3831612332359127,0.15044691755339837,0.08833019127649033,0.2702261369288584,0.2781373375688585,0.25559001766857053,0.1997546881725577,0.1306262559299936,0.17808091463128883,0.1327318330849924,0.15901237907055588,0.33338444486567037,0.25677538937507843,0.10542647949715633
3,2020-02-10,0.25594396370649436,0.21794310423605925,0.24333663111129114,0.3804766836373308,0.21509114936316076,0.2110717003526047,0.5055979494206516,0.2652527356576195,0.3021186376735768,0.3396502091768549,0.2745194337617853,0.17846659950337815,0.17322128937280326,0.3905774162990772,0.28115593283754864,0.25918212670931473,0.9132632586850868,0.2554097901995551,0.24300023763841141,0.26074965464465943,0.31487725543367445,0.6512094745285012,0.27642325976300414,0.4129872804373779,0.1879578434276269,0.38299846750500527,0.2563580794959455,0.2506025823105907,0.3989829313258775,0.34082482419786136,0.16557936088203298,0.16297869554297822,0.6783983673407806,0.40204215100371116,0.29049461257333403,0.30956770205925194,0.35600707149861904,0.16386848865401518,0.26163688151819325,1.094521407526955,0.47400211163135914,0.49470007790974885,0.20309177995428826,0.5260342820831159,0.20051725327449046,0.6148540053936523,0.16177383452862465,0.16160291000802604,0.4395333487249697,0.1684639997039746,0.15617454542308076,0.16525329700181995,0.3992342825567022,0.216877548916647,0.19448799735988043,0.3729056613541785,0.28518652030517044,0.3207307709062302,0.3600868951941168,0.210145180588259,0.2574016600091407,0.2433020468745083,0.17337797954163006,0.18568925377235712,0.09938846615731543,0.18259257110516303,0.6191283347665395,0.20823918005109932,0.34575415422919953,0.4455804724386782,0.14714394509284676,0.31607730684888014,0.16727669626515385,0.4538448294580409,0.20552077143087466,0.11115872347883389,0.3100941470360889,0.35854100456093674,0.2754422854510862,0.15338745412143953,0.14701631368944,0.2508546118934514,0.15474176469233727,0.17124846123033988,0.4956107786018457,0.3358268283320938,0.13245793562738983
4,2020-02-11,0.2758184423538281,0.23922533284073833,0.24962518930010866,0.3858697862614571,0.2343306698370553,0.2541691463437407,0.6280114860691012,0.230851394427023,0.29213767852807565,0.34682499785216053,0.2790160178097775,0.22276434642852114,0.1844393418615005,0.37758954718185983,0.312684863894186,0.28419682695219844,1.0076039152301033,0.29692025919288223,0.2258647667860458,0.28214428099876215,0.2911421249506981,0.7358483245315331,0.2948457352874579,0.44586451701002,0.24901452179731565,0.3921401253224092,0.24864535310780408,0.26243438773928196,0.40343050431639443,0.3318669734095926,0.18492393374604352,0.193358407687346,0.7172041993334486,0.3116644740636924,0.2584054442210966,0.3125305385295889,0.36520475408363295,0.14895912466992495,0.2936164789100522,1.2596309265592214,0.5381691063646457,0.20048427429493967,0.2185569954227247,0.6825608960068376,0.22246202105552357,0.5895171809335386,0.16847225597899695,0.19118046489282148,0.6217056529871544,0.12187711079171577,0.21703439709141273,0.15608905100053552,0.40925372764904844,0.28394386175855174,0.22278887813497136,0.4440777431734322,0.2912866086892934,0.3146778012012493,0.3585564300212833,0.21322054409026495,0.23338733112254362,0.24165498656703768,0.2228870242376081,0.16296127178400874,0.12199929631711708,0.16606612458186992,0.6796862026656237,0.20525016482178424,0.32876997849191264,0.46336850570692373,0.13405459435222775,0.31711709593828,0.16670217148352817,0.43187934330090716,0.19212586219610614,0.12388961812316109,0.298001127179454,0.3388333658412365,0.3087168294868374,0.14805586515644878,0.154905925749415,0.26897364279907604,0.1651066613542258,0.20043645538265145,0.5026849632151785,0.4323929013793497,0.10631551550606189
5,2020-02-12,0.3687121490782333,0.287698691486329,0.2616211579061004,0.3901431894095686,0.23618482718549097,0.24464756984352395,0.5117203905888427,0.2347161026292471,0.3198912228100896,0.35548018167322765,0.32550035822501966,0.1925139585705399,0.19353348749644572,0.34164625755131756,0.30091933016376343,0.2535438531316185,1.2577628153318805,0.2277412354399736,0.2379239553203181,0.2624152826736193,0.2806003368568469,0.714302069430679,0.3093804121886294,0.4352501755729297,0.2306189977050418,0.39391525596059834,0.24233674334575875,0.29857103641013627,0.4122022482777396,0.32003029953136203,0.20587503780605607,0.2348142506689566,0.7995654787317407,0.3473677484792153,0.25805498438666213,0.28185039321563105,0.34419175417656334,0.1932445780877581,0.27232857195678123,1.141303743938471,0.5051138189627441,0.2034971802268021,0.22067851542946784,0.5928793665719876,0.23461712365512175,0.5662758896957621,0.17206102823864786,0.20308896329537654,0.46988765476439404,0.17463826478048075,0.14229421502493983,0.20120084134548485,0.3951713509994341,0.2802925579316327,0.1847041777066214,0.4413691347967841,0.241919579425157,0.36985005305670704,0.38732618078887143,0.18434694775556573,0.28727361600305534,0.276184330584788,0.1962601363641232,0.17800131433370167,0.12223483859822452,0.1700092019017785,0.6639552443529205,0.2639256248250965,0.33279915512507435,0.47638965586616333,0.1297870020488799,0.3001445660877871,0.14532306555355984,0.4717198147331163,0.2106857472097197,0.15703198186970932,0.306548310839526,0.39402957634590324,0.3219073803510564,0.14514634791347583,0.1734050068883343,0.2638129418974044,0.1672245362529129,0.19087667490449997,0.5287077105549319,0.39842009792959593,0.10176912582324414
6,2020-02-13,0.2772131762941728,0.3131737177525976,0.2396698617289493,0.4018224980861002,0.24055194804454802,0.2679962542991365,0.5716218181222389,0.24706138355305185,0.250030516219388,0.32145720227354824,0.24957468781864167,0.1962571809144927,0.24490695311534658,0.3865569432944391,0.3738743673100249,0.3058319829913668,1.2885479413658423,0.25402578537913295,0.22703332315919222,0.2678282581108148,0.2905433210165101,0.7250857680168313,0.3373515113436618,0.4856835792780654,0.2225892604946915,0.420517495293154,0.24895717175567247,0.2732035442858893,0.36267608696240733,0.34708193276470345,0.18200544149442063,0.18571163358820844,0.7900031187009326,0.3190338883778725,0.2998985631962763,0.319309867363969,0.3921992985501963,0.18907134669774542,0.2864655478122746,1.1594973616909912,0.5389798819071026,0.2032984944819626,0.23682837294466927,0.5344090963438711,0.2566003757376206,0.6137778886842429,0.16587238269322116,0.19005181714567668,0.4534125162040648,0.18198802544599832,0.21245418280231643,0.23359470369203608,0.43084816174221113,0.30580139629452996,0.21362029198727703,0.510500394815716,0.32066942958511285,0.36286534383649083,0.3564591556806566,0.17491867256287927,0.29971855069839765,0.26136988827114754,0.17342383021304644,0.22155718224586754,0.14086142573675067,0.1928430031980509,0.67144423302447,0.24209040984563754,0.3363573748713599,0.481755871345757,0.1333128967892254,0.3408915916657293,0.189418161561924,0.47194175390140164,0.19029415273588837,0.12386298836057559,0.3309778126130668,0.3815839779676113,0.3879298918965368,0.15714869247286326,0.15397249222101042,0.26241859906678106,0.1855970318303084,0.23537709420543637,0.4911044486217786,0.4265932628555249,0.1024326765219893
7,2020-02-14,0.2762628238582168,0.27011691815748434,0.2632568803236776,0.4458563810238804,0.3514752689348221,0.29554448047731813,0.6566426117546095,0.31975425688776793,0.2999270295347738,0.36587467691856096,0.34621826338462447,0.20570365398805446,0.18871703375216883,0.4393064835670275,0.3489272198220241,0.31224177289857474,1.0268616709702238,0.2836223545326262,0.24790850328110137,0.31727455513042174,0.3429857105987711,0.8511191668365914,0.3253413850821873,0.4677378892342934,0.2985019341041171,0.4540308712284235,0.3750342171488486,0.40031716431928915,0.4089422538969749,0.36734520592288994,0.20061707384856117,0.1764886053317789,0.821758247183193,0.36629857340488464,0.29105351956634906,0.36782442580889274,0.44394876361517244,0.23554900951241634,0.3298645394938462,1.265518377200707,0.5917076835554849,0.27710146943375036,0.2635185415556874,0.6888666225072947,0.27645213797854706,0.6880793632765897,0.18415042620079822,0.23389527932817025,0.5103516515548876,0.18866091153139117,0.2153776869722305,0.20366388817908043,0.4853556666794257,0.2698801455383402,0.21974092856777017,0.5020277360588615,0.3268900010297176,0.3973505176342531,0.47140383619440857,0.22744138630508792,0.24110027068933618,0.1427534661503219,0.20069538220639746,0.21306094925909125,0.10241769213802698,0.22134162994227416,0.7524158693133335,0.24322883933256775,0.331049762076102,0.43266340345769955,0.15480407761679166,0.3675720677796348,0.17273478085681704,0.508228704333992,0.1868732686251562,0.17059186060103862,0.3211775792419194,0.40696838893644416,0.3698354900696363,0.16192660945692586,0.15366389922210888,0.29160240555159306,0.20976409077952682,0.19159635173732867,0.49286135543501014,0.40581991524916544,0.09891718902424727
8,2020-02-15,0.31194400721127025,0.34039214983865235,0.32793953917820307,0.6088060903967342,0.9246356622859059,0.40066980922618206,0.5331761633279363,0.591824833389885,0.25501599274889636,0.395415671202567,0.33690306864297925,0.24754605494149864,0.3203652246053809,0.4212184765129885,0.3170211645277579,0.33669569812184,0.897103258438209,0.3075426468498386,0.2728752379860843,0.4479606149879684,0.30067238825356507,0.6868671528826406,0.2762607980383339,0.46513308626050226,0.22317138421517949,0.4425127238628854,0.4980731243856449,0.37736477841763566,0.5244641298178325,0.37769836624258746,0.2618266804392213,0.2591323323831544,0.8480012463973933,0.35780892585664836,0.3136145413105385,0.32532749967082214,0.6303785885515293,0.8142158422829927,0.3465181263607901,1.0799051348658524,0.6752023086216422,0.2994576524125514,0.3615129432606265,0.7499602883541395,0.25415229556579855,0.7143015223460388,0.20557288246023644,0.2602432617760974,0.585353307231991,0.19560934660039117,0.2861890455526153,0.3442455004314425,0.6589223960264708,0.2552836753133721,0.20369616941678656,0.4164636943605187,0.38071402377034524,0.3757024583490465,0.463445753304109,0.25603944385074706,0.3276004412060741,0.24475786233128657,0.298046098065296,0.20385621641157017,0.11072296893105461,0.2318200293721738,0.650039972629281,0.2555392309231052,0.3282082945212331,0.5138670945156442,0.12832192777037862,0.32254983062720793,0.3413270509566422,0.5256402124942369,0.18083255870686596,0.156959995906042,0.38531572368222866,0.37298697731612024,0.31184393056229176,0.20390654665321417,0.190391613907154,0.2694870823991558,0.17342815245859064,0.20340815454050612,0.4689532734704733,0.478434121776839,0.12035419619767229
9,2020-02-16,0.3356246563163337,0.2919968659065349,0.2082191510434366,0.43215508293774635,0.6205112810848546,0.4008592687611074,0.34030334448839095,0.5244309489415497,0.2677253676906956,0.3547885386038177,0.27795930281005105,0.2720487193420208,0.31473557672842906,0.3286639639038458,0.24965861494071373,0.23236563407737953,0.7211765194431647,0.3145519895523012,0.19687592967349166,0.4135739551641342,0.22668132998579016,0.3681739215944478,0.22865729675648946,0.42823121477459763,0.2367103207262217,0.3138522938759305,0.6106230409533223,0.2479893045296834,0.5835005559984842,0.40434627075132257,0.23786861773476062,0.27061364980156233,0.71049903807016,0.3186343238779554,0.286859522764384,0.28962301895298553,0.8273208164774465,0.4879704184615801,0.31809686231945566,0.6645864475400125,0.6674165849612962,0.3534606556725573,0.24838963378078616,0.4239097588133605,0.6104488424213224,0.6588055704077167,0.19897672873060343,0.20611724968808934,0.60963600611639,0.13417263119431141,0.18042834104957273,0.22692845546008547,0.4297704818262194,0.25765583298086864,0.15935567890833,0.3590179761423186,0.5759772200137172,0.2924510451015844,0.34376487765131053,0.21121001965696154,0.25051692653027374,0.1520983967460181,0.18829399975531658,0.17016326491615577,0.1969559863195235,0.22356344348629928,0.5635406480257358,0.18594095076969216,0.31491083771532374,0.5951321236200995,0.1012514501844425,0.32400224662551774,0.1760305689639274,0.4566345044999754,0.14682159993140115,0.18419958747811738,0.33714281010863617,0.34144688987508104,0.344821958916079,0.2607285961098807,0.12807526037810293,0.20889755844959979,0.1420816504599954,0.16760464787874563,0.3785304791818311,0.33923648884294505,0.08988870182580748
10,2020-02-17,0.24181231064337097,0.2511480745544514,0.2169015691201781,0.4192745341026851,0.23788678939634209,0.23881545005750549,0.5779545109022347,0.480426146037841,0.2759834304831737,0.2909818268566213,0.25617725566228505,0.22494776934674696,0.16780640037387776,0.3165242582403517,0.2978080592601948,0.27872563165480585,1.0220974852273466,0.19552804954783312,0.2739311307077405,0.24735512408473026,0.24586299602926773,0.69465747668032,0.2820881794808922,0.38399104524550753,0.21277900095258132,0.36271197245864534,0.24902616055005858,0.27033585942605237,0.36832096959692734,0.3277338881876002,0.16633061226151943,0.19240020741136157,0.6981553108175479,0.22122841706095567,0.29717136713563164,0.29256343419586933,0.3510651368304587,0.18473235562749943,0.2581338831940457,1.0874345530791873,0.5524934937039994,0.2089832480127214,0.20628655268317317,0.4771009496506619,0.24079333708551243,0.5755532173986133,0.15258618900059576,0.20633116725866327,0.46890182984207657,0.1357215102168738,0.19576872958136746,0.2037988398755973,0.43073903505672967,0.2538218948374565,0.22119312097648794,0.42056991712509423,0.22724879011019103,0.3406313966776194,0.3629375046662134,0.22081017181734644,0.2566280969120435,0.25772993400705074,0.1615704651899512,0.1469941029216182,0.13529453948326228,0.18805543118738377,0.6826481348039746,0.2608270872658712,0.2768452141554863,0.45186759288831535,0.11749361034675583,0.3757878201283969,0.18187055212168793,0.48234541850526075,0.21389201070956232,0.11744050422381459,0.3218980614440187,0.4006089118400969,0.3358751524226404,0.15286113000743282,0.1616975386825621,0.2514821463890821,0.1595502223711058,0.16754729090136875,0.4408364450714424,0.4063966754033062,0.11912669655195596
11,2020-02-18,0.2428125975306967,0.30551672118725964,0.2275461794881811,0.4101445752029887,0.26563883403177313,0.2676622586948292,0.707803189563017,0.3631140017430005,0.3052651822975508,0.3876981122867944,0.29372463792115816,0.18567257118536962,0.18124865074809596,0.3554824646002021,0.3425686443501769,0.2846589144931306,1.0314138697157373,0.35665776494110135,0.2389358913451565,0.27480256438656253,0.23860073750042157,0.6645926649694066,0.31506101669846415,0.4281354772177725,0.27332735457304663,0.40093005865191317,0.2586444378339524,0.24656441365273443,0.42851406848024826,0.3649056759666693,0.19386119812311853,0.2162130295593709,0.8230412721443715,0.3178995281740536,0.3145654298141011,0.2648861157485946,0.3854027927672168,0.21220582932461496,0.26102650663272275,1.2240488984456377,0.5295139288789544,0.23577550866997257,0.2569038770221926,0.5833898087135311,0.24496612986229618,0.6609378630628105,0.14783937911397202,0.19583618795173294,0.6170077131879803,0.19805085486329357,0.19508490337755777,0.17691097858717109,0.4827304468093599,0.2758106330424471,0.26147298775920585,0.5011795852265813,0.28791060248274597,0.3198708032094912,0.3834384242827083,0.2389125497917676,0.2737703872160257,0.1792014354400545,0.19332858563718583,0.217028367490372,0.17260325537459598,0.19125153628592742,0.7124416148509615,0.2263235349882763,0.287205225018393,0.4766580159311913,0.11587268729319418,0.37977141338181064,0.1735602442349007,0.44908783037390004,0.21542049925204787,0.12274276507131264,0.3032564381820095,0.4022037767582574,0.35671481508683783,0.17567868731097644,0.16099914049842093,0.2784353937018817,0.16359897111947205,0.23296462809020133,0.4859006834653954,0.4096367020658965,0.08353459963897476
12,2020-02-19,0.26788482309529954,0.2573516419273016,0.2902175712198635,0.41623245838550016,0.2294557784194178,0.25233418588178264,0.6124477542972608,0.2603214895219044,0.27758612325145465,0.30850672345169067,0.25975124182861314,0.1788714767240899,0.19136904261681645,0.32708396450398014,0.33062002982839994,0.28335971132648585,1.4841011581552095,0.22659348121491715,0.24331456817261965,0.31556867414783324,0.263362579888119,0.7401247996615262,0.3360022672988288,0.42685578015207143,0.19824801685510895,0.4166082678173108,0.32051961354833114,0.25618080491240636,0.43509212241994394,0.3346986185529051,0.1936200676509118,0.1946873615274092,0.7517212713360796,0.3616911969159469,0.3034723633038466,0.30626645118662665,0.4148689105811589,0.20892177618137278,0.25987152305419314,1.1260520777430407,0.5371801515765525,0.22165254590765623,0.2568522418806652,0.6207815995549176,0.24746901343308084,0.6699766631247607,0.14214482630365535,0.20915195377597431,0.5197065887710363,0.15956575016093946,0.18288147269490185,0.19519418088146845,0.4185269383343073,0.23812755246098236,0.26005151865649273,0.3970816165408395,0.23988131016193373,0.30658988530720716,0.3573613584310856,0.27524271295901254,0.25475789417028377,0.2168768289514507,0.20759443806809993,0.16806733551952502,0.13342531815915806,0.17882692617062554,0.6811244298537625,0.2437769768951258,0.2896882244252128,0.45136564203360724,0.16278526068468593,0.3162118889759238,0.16236971129453964,0.4648507284983268,0.1858375804300517,0.12516192507794788,0.3024155688019719,0.44460525982434057,0.2845549552302939,0.15332119787987292,0.133173092564662,0.30607050701442184,0.1521808840460707,0.16168341196742264,0.4920892043002016,0.4508292839404489,0.08509149300621836
13,2020-02-20,0.25239283480343794,0.2761691555528797,0.26264309840721173,0.42881822986161494,0.24711417287665802,0.2867764083474459,0.6654447617692083,0.2773388079154064,0.2910619926284791,0.31353051362172896,0.2890044232650827,0.17289652265180774,0.25946408819365946,0.34277669538989036,0.34544079157908875,0.3326435499098021,1.0594704012512426,0.2713799677733187,0.24448017516234752,0.2940080032450327,0.30625495896320476,0.8089388948762974,0.3054101567599659,0.46916494659037355,0.2213315152112543,0.41140560257035325,0.41453134469548636,0.2650743374187469,0.3705636172253443,0.3529321597905905,0.19756843939199764,0.19739448369910986,0.816303031343718,0.33810295969323195,0.3392277495705791,0.2984263648103396,0.4906847404872024,0.42532898414152925,0.25616443894672575,1.1933263854288534,0.5400160815141192,0.20774232581646082,0.22212303626898966,0.5253089068524028,0.2751472761327475,0.6134328426660641,0.14920676025273452,0.2270561053848491,0.4969116800989426,0.16322778195562457,0.21217212696190366,0.1973729670836115,0.4770855781952586,0.2262213851595953,0.24501025031018467,0.5758869255185572,0.3203738565806202,0.30472709447853386,0.37919167576577234,0.3011367328803746,0.2508031805052889,0.2523952690190385,0.22536606101072923,0.20001805464957625,0.17088918308540157,0.18063030021815632,0.7693638505731376,0.23646334537327696,0.32323648419037915,0.46973475465073994,0.1695668816119065,0.369543021300488,0.13396936954867958,0.47060142491032475,0.17741363513727135,0.129454087181983,0.30616304660870675,0.336316563932866,0.34335215691850296,0.15872095627495136,0.19145124801644797,0.2815600862351491,0.2549616421205024,0.22419700584075494,0.48446254724149923,0.46659047945153337,0.07640396018442598
14,2020-02-21,0.24052909871500802,0.28340653846258873,0.2495585394653523,0.41668295171779013,0.259794194808525,0.2645376187251645,0.5619784949377999,0.3038969596537267,0.33028641289196264,0.3531065632771328,0.3105441664111312,0.22855319060766008,0.22383990498829384,0.39087728626658497,0.32837284125728344,0.2838171770455609,1.0050753327384225,0.32259526253624726,0.310097467723719,0.3248860045769197,0.27228121412966255,0.9107883718790605,0.28201354384687116,0.44416143871843544,0.26623646470584844,0.36856301090565874,0.44377780804274786,0.3021441219260799,0.44821003517457925,0.33773552882314123,0.22557535294495004,0.1902045187061446,0.769469123238963,0.3314149550689082,0.3262051415317205,0.29939531543629033,0.4906474455790271,0.22459372827665236,0.24494052598783667,1.2058872803466176,0.6249274051763105,0.256931331883052,0.21807656728706148,0.5597363033703127,0.22783661741923364,0.6506320662084496,0.18176183413310312,0.2535060565459047,0.5423288545108583,0.14583486485929248,0.25272791593822275,0.20619955169177692,0.5018130056593245,0.2583094664682145,0.22337582357621721,0.6245168180762152,0.32612910842873405,0.3186684436551179,0.3984104128441334,0.25715659644977773,0.3258490763990232,0.2877512507711136,0.2506891284395161,0.21920167296462723,0.14782631331395688,0.17618879862155976,0.7900408515508772,0.2940627163339313,0.3269230081179128,0.48315889907476306,0.14955114814287046,0.358620695438655,0.17507668067978513,0.5068404029554535,0.20821416275946716,0.12171441021572323,0.33135797015040397,0.42240107158141577,0.3884806110487664,0.18426291873358436,0.158483471794363,0.30636961044086497,0.24409728683094467,0.2286370669285064,0.5369746472038934,0.5208787618297831,0.10583884861947808
15,2020-02-22,0.23340320613312468,0.22429048460025633,0.2114448398994304,0.4153070837449923,0.32648468375524337,0.28314289166407575,0.603600737627915,0.3975501396906938,0.37581139326755214,0.3609392052342881,0.30699061033454883,0.2460336221287955,0.25763508048784317,0.41908561009306156,0.3008112285370628,0.37953919897437793,0.8511491168913645,0.2917847304417032,0.2663618636535519,0.3388174927172874,0.3445248933007567,0.8552162110993468,0.3648886440412679,0.49001495484789315,0.31971653612298273,0.512277357598342,0.38989521833127644,0.29021486670698665,0.4704003200308782,0.36557920728900833,0.24583151174917592,0.23592785219228643,0.8762854319078707,0.261983592874956,0.3198351282451903,0.3441394263164261,0.6051917974694713,0.3895538486430236,0.2672903932251901,1.1618410778983543,0.7840243696461063,0.3379571921453113,0.2750039591690236,0.7155731713130842,0.21568357992582446,1.10129075705331,0.16895775759833068,0.24665869722258518,0.518200707580962,0.23630244477356852,0.2764821877969012,0.2722504733124989,0.8035720751520689,0.25210930031213036,0.2560694960503512,0.49021000987343205,0.6753015531783099,0.3281208510340569,0.3786418611958078,0.2421425993899189,0.34547059525218465,0.21078387655803435,0.29658410852564443,0.18748001290233107,0.13659066508398718,0.21321857556098608,0.7876673736969324,0.24548255934158966,0.3550764334386239,0.4634025516615625,0.18024019664979887,0.3071493343444324,0.15029818341034215,0.5685117943889042,0.16731021399202858,0.1381084180374583,0.3217617816557978,0.4181905875267595,0.33663490989960243,0.20659403179913097,0.26012583845003817,0.30919412265626356,0.18587483905970906,0.1852105951193567,0.45565313906888755,0.5334758030209535,0.1613277928863737
16,2020-02-23,0.14576573435537066,0.18649422629295276,0.16595443893443154,0.3115362882330378,0.24102539251836994,0.3243569584485918,0.6017368315773641,0.32633357596368456,0.32405421407286833,0.27129623172856787,0.20364249343497634,0.15412234512258025,0.20631621768556377,0.2297871974408484,0.3035333288079703,0.305221371199148,0.5580519461920587,0.4073496657314449,0.30199132743711704,0.17425039537791095,0.200695615781895,0.5261071065211119,0.2623331149296681,0.3110500256990323,0.17418231499263934,0.45146139752867204,0.2975409821519645,0.292360507184548,0.35216175488963225,0.3138847684517957,0.2034684323438151,0.25541772757068043,0.6010019449809977,0.1928226606523822,0.23403178800209967,0.3245224942041796,0.4986119860883011,1.251496822683249,0.26127940791583243,0.7359340182011106,0.5006863802974907,0.1633038346759744,0.24050228014229824,0.49303449113124903,0.1533679418817024,0.8110894254944023,0.1669505119803739,0.19649438320634682,0.6355104001966646,0.17029768448929994,0.23391099525836248,0.23253506246497505,0.48559747342064014,0.2707315279411269,0.1654702057725644,0.32840323564499035,0.42143334274479044,0.2275636705412227,0.24247121893649093,0.29158152498431716,0.291332342476694,0.14727695223908308,0.18876044238910103,0.1959005973256781,0.2049804062092506,0.25231715272409366,0.6079354014134137,0.24812324505917513,0.44073108232127806,0.5423503918812145,0.10967674021947782,0.293827977676186,0.21759998891946009,0.45538867131929583,0.20177349123259522,0.14038791990117352,0.33602689831740257,0.3637264615783838,0.18280744926694567,0.20725616815337866,0.3194617950354233,0.41007850041816,0.17534674815827736,0.24155340275062578,0.40108453187737675,0.34278400291564254,0.1271607218738505
17,2020-02-24,0.16889406624350237,0.1891442450523062,0.15815749934314136,0.2825669059546026,0.1807278570632415,0.25448793008037823,0.5766993731750398,0.21766178575906006,0.22684268025259327,0.2843687965681342,0.19571540981979127,0.18206382731274687,0.17823205311752174,0.2628564452347214,0.2981285208600064,0.25678121417886257,0.7082008240372488,0.237267509223457,0.26621010660890987,0.20105638090114233,0.27650592465862533,0.7569797592444033,0.25131879044869976,0.35277341576878984,0.23637608318341263,0.35587269186829107,0.1901443139005833,0.28129141990175205,0.3547797046881309,0.2754792940125691,0.15496821690641666,0.16978376883446458,0.604656496798898,0.20287616970231528,0.26481261284409324,0.23490734598282018,0.28816995931070116,0.2526967060845592,0.23832271876822517,1.1105119209702579,0.46253880570528283,0.15960916262932306,0.2468323510261238,0.5087524415537789,0.19667573660348572,0.6687787008163192,0.19684088105583009,0.2402991316089285,0.41387359009998564,0.15069937791807397,0.24718227512951052,0.16009149820607366,0.469875817160799,0.2507572812498818,0.20760493789342674,0.43212555088979326,0.2255339826564774,0.24674407730264447,0.3421185776998406,0.22401392086093477,0.27115206771808426,0.1932981905052601,0.16402528157763413,0.1622402093210236,0.1793202254545906,0.14363142992857356,0.7174248299857654,0.23427705514952568,0.27558596112911604,0.4443103474183314,0.11387143856202932,0.32916049528914243,0.16127717410732095,0.45384620093546707,0.20941278973943397,0.1167412095966978,0.30236148764658116,0.354469076435713,0.31816987377435774,0.14608416838289223,0.22927684018723785,0.23384445876850043,0.18971427176689223,0.18246271371735145,0.5068184997685856,0.49730596014596234,0.09738251660569151
18,2020-02-25,0.18790537126595983,0.20597904068689163,0.16315366568967407,0.3045740082107748,0.20493317318513896,0.3105344401950923,0.8968740290177631,0.30308826474228723,0.21594902526573134,0.29136465579464027,0.23392958836778355,0.15858703921494757,0.16860444139114492,0.34816698110607464,0.3332471081843824,0.24460003793853166,0.6920636168667995,0.29312224761038985,0.28144794603414164,0.20207576500587787,0.2458509958078118,0.6845099968010571,0.26111037010029875,0.35748628103033164,0.2365583294288153,0.4269523644117231,0.2009582410794474,0.32679148028145505,0.4195841644764106,0.31558188949835325,0.17662574002371154,0.18563542684881393,0.6583466789549116,0.27255077933390726,0.2635376621724678,0.24948350971852015,0.30424010200791424,0.5933628639389866,0.2510165154595895,1.1075133890612279,0.4646069368918245,0.19040299861428858,0.2362805758844411,0.514236560124039,0.2113129789457241,0.6854677812477769,0.16202964234832826,0.19961780012707006,0.5832031120064306,0.19559991254015752,0.23634507578658445,0.16815019525551597,0.47431511391407977,0.26898277506620744,0.2552814101448994,0.36844590693821916,0.26179061614801485,0.2789416656823042,0.3735240115196758,0.18642307988116455,0.3607075055085025,0.22194777498786653,0.1827880775226168,0.20901941053292386,0.18890640830843008,0.2556165791096712,0.6950511381200563,0.25477134764297116,0.33618569525642344,0.5573863496078583,0.17243394892079492,0.4127774520909826,0.17046418165120536,0.5627331239189196,0.19864269385560643,0.1314790322654251,0.3314751207657118,0.4467239466432345,0.4030686701157257,0.1503655344946161,0.18841824013380845,0.33304991931112476,0.1481891004693368,0.20086358831938697,0.5091824391884098,0.4689805495771524,0.10894493545156192
19,2020-02-26,0.1730388832280917,0.21609391490972063,0.1957782578858515,0.275242627842487,0.17995717658731222,0.19709077804442543,0.4646776480459243,0.22247849359065594,0.24424965948470115,0.2669871607134502,0.2043653716516263,0.15574264888067896,0.12636032400667024,0.30754438020875446,0.29218389316212373,0.22432905145788337,0.6613427900143718,0.22843026478800463,0.20775628239344987,0.17321310225413078,0.18449237131795493,0.535785706551876,0.23245595434524416,0.34787441251862755,0.21598965124635924,0.3149371097352725,0.2069641209526755,0.29255884960317635,0.34594417208145084,0.2505429368414112,0.15426473267001156,0.19407491194943768,0.6268717409676258,0.25171901198898633,0.22365192227015632,0.21181903352091494,0.28892422047989547,0.23221641910987556,0.19423724613159368,1.0708890073528934,0.43256394607944926,0.18163769004526184,0.25233003836727863,0.5063744739154944,0.1872843805596398,0.5812610015425836,0.1422109179511504,0.18896618400698675,0.40608454731244903,0.151255247795727,0.2141755675344168,0.14568459314950077,0.3797917170766818,0.27122475083157943,0.22818732088807583,0.4643612576206935,0.23435032889166896,0.2731568532460423,0.34434039425846263,0.15934434044686913,0.2602238671539047,0.2112776046082452,0.1544589529447683,0.1697577017852332,0.12002201402129124,0.19620461176216178,0.6471202732734936,0.21635285373450622,0.30753811239039086,0.42688547157544815,0.12298588032340939,0.34652808484465686,0.1372543486582377,0.41784500548754444,0.1851900342648433,0.09051875982409928,0.3406400319746032,0.4123114988163222,0.34324572818652466,0.1424619237494637,0.16172041153578653,0.2371080530701218,0.12691414742041565,0.17750154857891934,0.48306008567331676,0.4206488069671002,0.0835601870693591
20,2020-02-27,0.1887817481048308,0.22468377169825623,0.17596704603169822,0.31180744982643144,0.1965875944616494,0.24253344362400484,0.43248790423993094,0.2492460302312307,0.20687500574518167,0.3130250781023217,0.2215343545447186,0.16194860356860388,0.16461021271724338,0.3287381947171811,0.3452271501389801,0.2328738987591815,0.6855177842854304,0.25088429730458983,0.249173491166531,0.2131589456536445,0.21668360158352754,0.5857445773330343,0.24438606485571582,0.4480953017335199,0.23910716888990133,0.4028213112198917,0.2082452884077549,0.29221907851156653,0.38650122429108263,0.26053864563894863,0.1767988337825813,0.1793309962355489,0.6685299353341821,0.2881971006848355,0.24359453215930368,0.25664897017139365,0.32746624903580634,0.22776453026705593,0.2598018640633496,1.0640275311121867,0.4027105107397162,0.20525919188461883,0.21755457563672184,0.4550561421288431,0.2333978712449203,0.6546072111430637,0.15185982924274186,0.16991149109979542,0.459772021719993,0.13657519964837994,0.24332070193774,0.16760115073151513,0.3390382703175998,0.2584432581696307,0.278914327576728,0.3380906051581057,0.2660643481305054,0.2982034979815354,0.36360075032173206,0.1781759407294847,0.25331377401775684,0.2167218963316955,0.19938191550569936,0.19960436540733287,0.16343987467039606,0.19112077014862075,0.6720250056775519,0.2224036352153235,0.2746845507399683,0.45437692162506194,0.14082954907944553,0.30716465854520414,0.15125994209170615,0.4277366078597942,0.18372085560585327,0.11015584475230167,0.3104464870925642,0.41914285922571853,0.43213077316425674,0.13309486806372614,0.19835005119208873,0.326166511877348,0.17517733973122648,0.20950362563104455,0.4565709135685723,0.3827990716653696,0.08032063098447957
21,2020-02-28,0.18928674806739787,0.1808563447354544,0.19101590042135816,0.3509385454011324,0.21568831763675225,0.2390845372241671,0.6196199046357774,0.24151915068832253,0.22311970940557083,0.311587395020625,0.24723797684265356,0.19215385128056303,0.1728318347530734,0.35269691090168925,0.3323754900354323,0.2569495349287142,0.7096554903458383,0.2751118946774321,0.26109118075767507,0.2310199377521415,0.27693214578722314,0.7376009752426135,0.2552136563238092,0.3949011597919472,0.27487483975687893,0.4547003447469658,0.21524200297019794,0.3143417290456119,0.4250002476494241,0.34382095331806783,0.200003463722908,0.19168430116081592,0.7024058564934962,0.3645175786648011,0.2419110373133507,0.2702310392930079,0.39879536453748043,0.23221572691874925,0.26750896886837877,1.1848921585085241,0.489599510359376,0.2034541381578883,0.24760975600306823,0.6244989008698044,0.2325271932293893,0.7671673596681171,0.1910228352199779,0.2378185741676945,0.5607761753639283,0.16905926280011832,0.22389987881479823,0.16981095945540725,0.43980050544285687,0.35125309108518993,0.29902833149525876,0.5337864770599215,0.2948388621658059,0.2824553271373833,0.4186662005303377,0.1922161818294309,0.30115262303903323,0.18957947004273035,0.24660008553563972,0.16705002290486404,0.13733574161233808,0.1991566662202694,0.6931260058084829,0.2440104344232239,0.3002867414787536,0.4379970308008838,0.15568149381838411,0.35473311447688327,0.1698766625729943,0.45272349672025314,0.1854595806268963,0.14179970079369922,0.33380731516352347,0.49988956806348545,0.3854856527113211,0.1680257160786224,0.18063276652296859,0.27535187641604764,0.21223361144117384,0.1962654836989556,0.4649866962087394,0.3661899233896602,0.09747095936740637
22,2020-02-29,0.19058919960262766,0.1726769820004835,0.21211614723256145,0.3204996006920452,0.2221714602694027,0.25193812466727067,0.6064710436688382,0.2799661203019059,0.2431253620313666,0.29811150391676894,0.2301822497405961,0.23050319338398015,0.17230072856942705,0.3292598517767655,0.3291457130669328,0.27568604643110134,0.5750020108730011,0.2754327108046825,0.2713867824808957,0.3353241207027093,0.3402586421113079,0.49980416893816965,0.23474193359067375,0.38542812425001644,0.20976873178183278,0.4991084963606829,0.25933980971089643,0.3433341284948967,0.46737093665262536,0.34892275322603356,0.233866540314022,0.26341389116610886,0.7643370081272775,0.2895118031308261,0.23801741381360852,0.34581746907717825,0.34663040094181025,0.3035943776941786,0.2752641370486456,0.925303403072085,0.48513884454738004,0.1991405559751898,0.3421752545484103,0.6161610562474559,0.2242585848883314,0.6120717668829355,0.17562728375034678,0.21471212829396238,0.5544124762164305,0.20844428391316883,0.24825739290510718,0.26766531994970033,0.4381682844695078,0.29285967545766106,0.3362893469924322,0.4420319276606152,0.3480476832650971,0.2800795496961634,0.392833405120693,0.17769873779368003,0.38723270419916167,0.23956999346695126,0.21049027478232954,0.20667041862660077,0.11881155252307135,0.21713683493414213,0.5987321012105477,0.2392876568836897,0.29439710754362597,0.4813168949860882,0.16546036001259393,0.2744117053690987,0.21612642378804256,0.49816401883484424,0.16129803810602922,0.146303015565102,0.332625999486827,0.4502681118658787,0.31516568701140985,0.16274779369172906,0.2410934351456012,0.21930593023116454,0.15796633790475162,0.21138805115937753,0.4054309689182283,0.43084161230423684,0.1273094674265343
23,2020-03-01,0.11930783361046525,0.19656149693308714,0.1545994051453033,0.23004444110123864,0.12754545325182,0.17795836394695588,0.383636240603256,0.29290784950279375,0.18229185205773615,0.25978515738368163,0.15435810876103087,0.09837402466381957,0.07926387536715095,0.28498787719295643,0.21403093876700754,0.19264677589689316,0.4557419042439319,0.22095339404146996,0.18518655729255848,0.16923691586050674,0.23847688603263636,0.24047458053111062,0.16297094769028703,0.307136698491645,0.11121481591162591,0.29298387874417503,0.21796473294983934,0.3183389516386869,0.3034512162960441,0.3605954639122198,0.1267807818317098,0.15284254462007657,0.548832486196395,0.1920330520592022,0.19173312750633872,0.24244153316900796,0.21220641488011324,0.17172863333002117,0.21555007558947725,0.5834648798049435,0.29187811960038573,0.1571850561476459,0.1568003185579975,0.3186243192986676,0.1269122842710518,0.45985886862383313,0.14310694500446372,0.13871562365629936,0.5146998634031652,0.07373867157445994,0.11627851188231207,0.12669741533492218,0.24688286065667375,0.18500133319201287,0.13048346259675733,0.20652165811217463,0.22910250256936235,0.21645211100956555,0.18357965092988213,0.1363825135929986,0.26685670047472015,0.18098943745262686,0.16229648043690528,0.20341124874074923,0.0708271038557799,0.15305641720436317,0.4037084212382436,0.1648356717316367,0.2595711005451527,0.3783818813289363,0.14820254147192,0.25775547854021635,0.3014834958900354,0.3064061671815541,0.26044124355358694,0.07195532567272903,0.2628343595496103,0.4183138402764858,0.32248051605424216,0.1656164831077107,0.16759059946397928,0.2348304781734324,0.14289482924361258,0.17809640226642579,0.3488549250180944,0.2360262160443992,0.14907241659225587
24,2020-03-02,0.15680126053249133,0.16863849957264565,0.17170751962869768,0.28349080945274585,0.18498113452191553,0.19630583084016043,0.5182110470226607,0.2565026062231008,0.19353434439102457,0.22441661584682546,0.1701467815031029,0.19517771523975888,0.15086180515953948,0.3244102237485899,0.31626675390945136,0.20186511319140743,0.6030935116583166,0.2093450596031684,0.2114497979278758,0.18448317675564974,0.18623280541287815,0.472648836713169,0.23856914155710685,0.324672637218625,0.20021267334196988,0.3518974052595243,0.17400812958591758,0.29504966917481024,0.39884927075062704,0.2849914753464071,0.15683714359670736,0.18833697804732663,0.5911954432521288,0.23035298638541649,0.1953924955770091,0.23897487250489513,0.25469172248300515,0.15252706201941785,0.2511836528766514,0.7939022046452594,0.46855240080610233,0.17109059597036272,0.2180211749623471,0.25813659882354983,0.19646609952798552,0.40053353951296966,0.1568887955095665,0.18615677640316056,0.4225719230781287,0.12377587612076824,0.20085182887297579,0.14928109351602706,0.33037899767138873,0.22746567250486704,0.21809001214261223,0.3179037421642995,0.2248853422806987,0.2166999686761668,0.2939965564933998,0.20011948425388668,0.28374676682087147,0.25752924363675983,0.19783179735566006,0.17226552870599085,0.11358627718925955,0.156626873996562,0.6031824312179375,0.228732185846244,0.27004581034183534,0.41180176571316385,0.14573331668600545,0.3362247712013475,0.1683560564828667,0.42677665029004297,0.15368795140611108,0.09415983081717667,0.30520896467247444,0.4115087986811876,0.2984097013006462,0.12575298831789936,0.1682439543511813,0.24599101404455134,0.21096335933736965,0.1834830795340998,0.4263005591540387,0.40315550732710487,0.10398899683991109
25,2020-03-03,0.18089455902506713,0.24786682547742767,0.18060955466896092,0.28879125848681314,0.19051128182955582,0.19711175146605642,0.629603472275475,0.22849482380302477,0.20469031670697904,0.2745138745225927,0.21972618533877794,0.16409157872323193,0.12086273450450298,0.3574031755136328,0.3253289033912931,0.20970201454525492,0.7234157576150789,0.32178304496709814,0.20490218513509997,0.21869422243603684,0.29723753138667586,0.5885116466264869,0.2551628978278739,0.3619186367522122,0.17900027143512134,0.36833237988099404,0.19229048883320568,0.2898746346359778,0.35619991805238443,0.33150685175277,0.1675545570045143,0.17468739104957512,0.6868222106205398,0.3031016654123319,0.25007868553099866,0.2303815665098423,0.3138121306842681,0.16968817526953758,0.22226163875757213,1.2178860794496185,0.40751419329576294,0.18602956712373656,0.2067364968742271,0.488922652343885,0.19751609455724697,0.5641892813474705,0.18509899811372785,0.17011435291305022,0.5833804926529064,0.15312887115960774,0.21368547927141424,0.15313614478028986,0.3622353553720252,0.21391078249464357,0.2158563535194139,0.4167490628777886,0.25934691238250507,0.2484772056794935,0.3524229198052106,0.18130122734281015,0.2893834804784662,0.19039669255754035,0.21766050621273714,0.18139297990258677,0.12548873321558363,0.16416653025406983,0.6181165853173102,0.2549360031005709,0.2883105382477002,0.40637158592299755,0.17451314851427482,0.3003640607223214,0.16800768879398717,0.4113686297499415,0.19791753743411097,0.12570803773643863,0.28019334459106676,0.39858378955314894,0.27529019524085335,0.12611537001413511,0.13788683216079584,0.26378673264883273,0.15908245951603944,0.18292551192379813,0.4700800112135814,0.3860966858152894,0.09735307740318506
26,2020-03-04,0.19376194512596942,0.21434780450253246,0.18951774635806348,0.30361014133651987,0.19505968844622976,0.16667037548345634,0.5586508918888095,0.2057616855285448,0.20661067147163759,0.31171604352051363,0.2266399741058542,0.15786767150469658,0.1366977407435928,0.37892784666423784,0.32306319191344973,0.22570483173300207,0.7284510348281796,0.3212213875992293,0.17686331989108559,0.21269875646426242,0.2406337845494979,0.5434834990007861,0.2380956851225607,0.37607210564957566,0.2337356922529529,0.44432651879973295,0.20727605768725396,0.2737018437072319,0.4682288177294948,0.27779440250944454,0.1900134220279602,0.13257410434106587,0.6962836049543055,0.3662828153864393,0.23720137147917586,0.21436527793847002,0.289235015528703,0.2181899245522282,0.22307563941801847,1.1480641930309587,0.4350731167051058,0.19195124991133727,0.2583839455454853,0.451315393364708,0.23593578997153045,0.5612294368972387,0.15101942910447966,0.2321151772832631,0.48474414427473794,0.182184046182951,0.1570301828930286,0.1868832875662684,0.37042557721248187,0.25930736482728434,0.28824834365137614,0.40204752855855047,0.25282310941279257,0.29067303743215556,0.3321699790773274,0.20186107161540515,0.2815943804643511,0.2428730775159121,0.17769074475183436,0.17648117634617508,0.14064054573611395,0.14015796269966854,0.6633368507956539,0.24378423924697246,0.27173313201166943,0.43489459933753843,0.15163397996424752,0.33130247957797887,0.1720881751284913,0.4113268692025884,0.2071087471988119,0.09931150706855363,0.2916079649492371,0.3668015044332382,0.34902284515276283,0.13716108499610394,0.1528956702718189,0.2883876117280832,0.20898450907673768,0.1944625030066953,0.4324778003429807,0.4221872729076232,0.08222297826523266
27,2020-03-05,0.1489279473094582,0.1834064246378833,0.179043949862257,0.26135186512060116,0.1623157196911674,0.16702884697528753,0.40232183576409514,0.20074725533814106,0.18230914419033328,0.2553679100357627,0.18817248402036577,0.1564823551226197,0.15203183028461412,0.27010364914214646,0.3281618949091785,0.22408366180794134,0.6448110932979586,0.19918454873704927,0.21848173291063586,0.20940533361732083,0.18685064406761284,0.5686021214151787,0.204861569512506,0.3389121549136483,0.18856689460308462,0.38827570549155727,0.18143679401615986,0.25814001497858635,0.3314718477894824,0.26088452481312274,0.1495538006094475,0.1447776378874051,0.6401853267650237,0.2932421032129215,0.2216637905525154,0.22971468749924684,0.31919448211890583,0.17995007675765207,0.23678016585362782,0.930802507892607,0.39140123281757916,0.18721264279137398,0.178336566215291,0.3308785524165558,0.18742561822401552,0.43591045769640174,0.15667088483161878,0.16927896062588021,0.3989234493297591,0.0983488947387791,0.1360642710811368,0.1797134132384135,0.3302365344006743,0.3295497171457173,0.18972058826200713,0.32010611717796733,0.19718031468352162,0.2422000617169934,0.2910201977088216,0.15406424532184826,0.23526131475241652,0.20969617858214695,0.20869370006056664,0.16743613395355528,0.12188919114411018,0.12173578553551302,0.5688273535807721,0.16405112820956805,0.24665208192587532,0.4034250377292199,0.1109564770873974,0.28994283412799626,0.14562990901568476,0.41499158366287675,0.17971252810218405,0.08532866722601716,0.2840116583044036,0.32645962644536913,0.2797807538231201,0.12849574340003853,0.14998532673289341,0.2872091606107093,0.15738585660413493,0.18756875442280238,0.4423378674915747,0.3665314033654767,0.1065651032806108
28,2020-03-06,0.15213468291787832,0.17037607082790826,0.16894634482655532,0.2839543929796761,0.17345308793743322,0.16917931148245283,0.6389341937650371,0.23661861968881848,0.18186330594240965,0.2454733948645111,0.2213731338202859,0.15941347325314412,0.15608167103742285,0.2982447144336062,0.30668370492767133,0.21515679680861613,0.6193086267262486,0.2696401422637768,0.1524311009739938,0.1866382661677729,0.2376287283772716,0.6193981882019861,0.2298536368128323,0.3118231906690358,0.1941944839217479,0.35195673856493603,0.18619890644662784,0.24876903538183906,0.40503861795043217,0.2610517633011218,0.1797164140414317,0.13763887579735898,0.6039664919264618,0.1973378446927043,0.209593010400297,0.25458161854778233,0.2887860707888409,0.19923115641531086,0.22833721651645886,1.1089346992732942,0.411416894592808,0.18890116805719773,0.20293560386797685,0.41596902952097387,0.17531724253970385,0.5535792663397127,0.17112781395260912,0.18989613379389833,0.43343317433018796,0.11819401347422775,0.13752095422491986,0.1786353142154072,0.30922946077856867,0.2183434723245022,0.24288536939473468,0.4871479450978162,0.26396836421909003,0.28979218904108883,0.27946659970163296,0.10321224228645691,0.22724107256174586,0.18455463682686032,0.16761626662237594,0.14558958519614854,0.06881686900162011,0.14819452934917166,0.5623122908736028,0.18456764248490878,0.2278677462736257,0.3760897480937356,0.11441498854918869,0.2764819636690132,0.124802898176172,0.3664426487648233,0.1457459725979304,0.08964041310682429,0.23422640959250543,0.36077309304305394,0.32517276252503197,0.13251338722104167,0.1438574745352432,0.27562965112446264,0.1418629081822083,0.16385358447774534,0.4481070312887115,0.29671309314116895,0.09790054259047504
29,2020-03-07,0.1840876635848199,0.18029375160372826,0.15203997007525374,0.2612211985542104,0.19231398663696161,0.16210323139859786,0.4558352856732317,0.2331937795296107,0.1781952581053431,0.2358361622255888,0.22828817035830928,0.2021110975713706,0.14396510692279532,0.29381853005592684,0.25132308478400317,0.2623117249230909,0.5554516659348901,0.2670528881566075,0.16145613944744994,0.2944696073826829,0.22888053622567736,0.4937994502616531,0.22766211841753994,0.3786868045965572,0.20338592195006525,0.4186664960476429,0.20308569864764534,0.20228163775865957,0.4295541336275752,0.28292768000879026,0.19023978205930994,0.16488146703936601,0.6483523769429101,0.22985916544460974,0.22878687826502317,0.2597323446324497,0.3007700981273401,0.21534794903230725,0.26579986262092853,0.8735967817521467,0.4006904286672898,0.199664922363625,0.2512328694839359,0.38560310328756525,0.18202915373408923,0.649494316401537,0.16066548076348675,0.22300273769065848,0.45469549205242815,0.09142954852959502,0.14010664307003765,0.19572089884193236,0.3190673624284408,0.30561654066174054,0.20445895269822875,0.36641487055648403,0.25488455114198266,0.27202716851034603,0.3241157719030231,0.13381551426996005,0.2392568334634185,0.14573046383367863,0.2557584997280696,0.1164321288720553,0.09902239001649533,0.12737043343520518,0.45856142483579626,0.20329008930085588,0.2380210422490909,0.3594380222348535,0.13408644018140667,0.22489541851018527,0.10733464496625432,0.3225325830599369,0.10680403180306547,0.0945922318280334,0.21021739065050596,0.38924922345142515,0.23907213534337987,0.1308988181779342,0.1570805779654175,0.24369377792803637,0.12839853413039454,0.1512458281056331,0.3468210566373702,0.2952590213437837,0.10243312789973748
30,2020-03-08,0.10116028496070385,0.11885961365675336,0.11618957183129497,0.17448383744931695,0.11168960570412471,0.12017428696938921,0.2533582453822191,0.1820441272403727,0.12239343660729296,0.16693000122539692,0.12663427464904017,0.0872221234725738,0.13594482886180448,0.19312502114806837,0.1868206659417683,0.13874263637726048,0.3387609685345176,0.12196450827165854,0.12391843830700146,0.14222425300615174,0.12651135201693048,0.2811358867983032,0.14192092895306396,0.22124502116709854,0.10103975083337484,0.22319407142257475,0.18413379461142276,0.11742636417866091,0.22325083863342088,0.1837918467451235,0.10790901854940409,0.10098644216124018,0.35402739883833195,0.18967015584333727,0.13176760068214075,0.18096858511656055,0.22763983286103365,0.13840877547207206,0.19561292125926236,0.43626445794090857,0.24473651335875293,0.13078313590212906,0.14944234252843064,0.22349907358167506,0.14008516542959362,0.2788787320412616,0.12844937277600102,0.13865980250896756,0.27405151850061765,0.046935591458598803,0.09835068174175367,0.09389060659838733,0.21026558537175974,0.2591089593616543,0.13309196494826075,0.19517789535975547,0.22986673095035792,0.1566151997931572,0.2261867582515961,0.08650405522770022,0.18769597231308935,0.09797919815141624,0.1335711757990127,0.08020221294587933,0.07034918124215471,0.07871253083172475,0.3325056007545592,0.13738719628184703,0.2074471990720911,0.2282620109432444,0.11790981145218622,0.1229405034434027,0.10880808260670982,0.24506886537984485,0.07924970742618104,0.04603847567272338,0.13967366341876847,0.26071232483004786,0.17658189762926582,0.08677557554527095,0.07270604562791684,0.23992762074092347,0.12725169630786612,0.09703469621266804,0.2373656264339998,0.2209023370047786,0.08389262405321145
31,2020-03-09,0.12065709256355495,0.12114732103646786,0.12091414986757142,0.1824775361003983,0.11948044001063861,0.12091666640119503,0.385223766075415,0.1631145888140139,0.1321214483368791,0.16031266818631978,0.14980824200886975,0.10806108290333828,0.11578737137344465,0.22028206039927253,0.21200985648137136,0.13719734307175618,0.4264807892808528,0.14905804226264244,0.14274020842953197,0.1475276016079351,0.2037976724092672,0.41904693039325847,0.19007168887823375,0.2602830760332322,0.15920793818639514,0.23652751089105342,0.13752654859123967,0.18213095506105506,0.23269875603751264,0.23213625609906216,0.11343681834566705,0.1245652431298862,0.421528148315711,0.13187436316722725,0.1824225891890274,0.17198170373654412,0.16637818456626566,0.12036574202734386,0.18124184236091348,0.6767953200820226,0.3096215011421594,0.13630303748000236,0.1388931947793186,0.31513772703095816,0.12456170912546399,0.35728895480681394,0.13987564584484763,0.14466986185473715,0.290266168348504,0.09155575729671685,0.116118513316526,0.10876160468164119,0.2558346904766856,0.14232010026018735,0.13273478909853073,0.25135424465743555,0.17537270755294085,0.18796343497444232,0.20156843516449385,0.11571831773991766,0.21690848084469352,0.12920332106569962,0.16435511365636443,0.08287556392451408,0.07894663830833894,0.08942158952613849,0.4108130471027191,0.23724265148038717,0.19180406970135452,0.2951197363996213,0.10461521163435954,0.2353727432031292,0.1212280319164668,0.30670784562472114,0.12961621622147879,0.07691449182842783,0.18625671076697023,0.3239257811770411,0.20638431219418493,0.1088852548092825,0.11781064516946112,0.2002513458545135,0.12491558442214834,0.14550387526292688,0.29799062076199745,0.28265760173201443,0.09748301839719314
32,2020-03-10,0.13830018404043495,0.1658754182855354,0.10411920796708955,0.15725383067465656,0.11990338230631581,0.12928447432800777,0.36890712393028285,0.10001879220443816,0.1478983767037807,0.14209901295631597,0.13031876729543881,0.1011488453913313,0.1092542721856224,0.19203913404358955,0.17343704718053032,0.13132853419370297,0.3837375816780657,0.1974356609358223,0.12955725709515611,0.1354069726789135,0.14096105191847375,0.41029544748812913,0.1351525672405306,0.2335737416278578,0.12123909702116532,0.24047718053673786,0.12888489341493856,0.15308105975018144,0.1946554181983928,0.1835535679957442,0.10828848450430574,0.11591594221337143,0.3760290873126007,0.16399672757217257,0.1647265828916231,0.1513288212028169,0.1790122472818869,0.12448419081808555,0.177118232184335,0.6176113971342997,0.2469207458642316,0.13523002699313136,0.12853523954173066,0.2918528703174031,0.10290470197560396,0.29988837497123033,0.09871579886328574,0.11399485152243549,0.2874757410984443,0.06963996227129778,0.09131591857903011,0.098309490313838,0.19054611177974298,0.17294009624422604,0.15224560588902747,0.21494551733669096,0.16002738911337736,0.15213354635940152,0.1989392297947972,0.09269760205449772,0.17710116584153515,0.12009038238133384,0.12243026747063855,0.09377907193765607,0.08816732333591983,0.09335459275807594,0.33196468290180087,0.14674102097549926,0.14835217734307668,0.2777474762948,0.09907832535404983,0.20715614555489179,0.09802050994203025,0.2580285386422544,0.10474911104825575,0.05504575147172941,0.18815092133061165,0.26072092352576703,0.18732857055538535,0.07870416249387929,0.08554105280654667,0.1808948588553996,0.11618946445147053,0.1127315705146285,0.2896618343020248,0.27395926282406147,0.08972084566660725
33,2020-03-11,0.11502330422324258,0.1412686612714852,0.10776454777159696,0.15203004357865912,0.11310350667517967,0.13324667963347878,0.23208152778564137,0.11069008918122682,0.12430875621154053,0.14658574977908215,0.15378057839607182,0.09834645698137721,0.08552989901505618,0.17555441064934055,0.15726003566896554,0.14027911773138182,0.3579280345442745,0.16671867147000963,0.13058893840734154,0.12123209515390393,0.13318430686374574,0.33757396630646785,0.13781105736747148,0.2336494360803154,0.10611256287846134,0.254709648142761,0.12817017684304563,0.11155580832556485,0.19011235775899357,0.16869050030043728,0.08385620114615346,0.10058306883158163,0.33593561511477893,0.12515268691324255,0.1377012349716602,0.13812843185287274,0.1498038250075616,0.1296533069227168,0.14763006060352288,0.4831492478875196,0.2123430268262961,0.11881820242275963,0.09973934016621883,0.21167280558230517,0.08710600815980535,0.2626323360677703,0.15456777470886257,0.0854871105710235,0.24268686795991126,0.04866901866125117,0.09384932240487455,0.09604625481102118,0.16687685658047802,0.13108853328544226,0.1558448698340344,0.1935791198852448,0.12110461946506106,0.13412316128668814,0.1544214899857993,0.09284523804125612,0.11452991163501997,0.05409372362962559,0.111431459755493,0.08776899235105314,0.09818807174919987,0.07828383067745247,0.2976837078259638,0.13281208195900004,0.15383080554400363,0.2456932704598789,0.07672061394509887,0.13297609192608859,0.06887762240959576,0.21335826870141636,0.07185422652162327,0.07999239548598525,0.15162367494656087,0.2152031353321261,0.14882836515227377,0.07878949205282479,0.05947434453180701,0.16276544209854407,0.09527227710569976,0.08826920931749588,0.251293082557268,0.20072234113930806,0.07717731159895867
34,2020-03-12,0.09176609702428788,0.09044951739523549,0.10085596140273025,0.12996121925225204,0.0848362902088859,0.11173186724439055,0.20409078682076373,0.08679318685791006,0.11550233947017585,0.0956520848471069,0.10061558800343821,0.0891444347971279,0.0806329718094169,0.15647197774911836,0.11783719492680633,0.106503288877788,0.2750689362523579,0.12899961891213577,0.0882877052918939,0.07875565250833061,0.08557959887518214,0.22965001446811714,0.12035022447471322,0.1791295719755006,0.09534355663228707,0.1450231977759126,0.09973221251731383,0.07926639605965279,0.11282633776630703,0.15744495122166588,0.082059597719353,0.06937168101445956,0.2576999157026514,0.12389422355084652,0.10702336504767017,0.11225737220064619,0.10675825050302522,0.12498255800517506,0.11961649192672352,0.3670747314619249,0.17075131108018035,0.09847830130105482,0.09203510407525263,0.1808579442712934,0.0733123617046194,0.21131128240997676,0.10166107671883944,0.04520685152084144,0.16339768533628674,0.02609699190828249,0.061534239522585334,0.07050372122325423,0.1696449818672412,0.1273602268096185,0.10495817781989235,0.16393748090434554,0.09180322054567898,0.10561410642398252,0.11859174970586712,0.07170341871575799,0.10816094842076916,0.05264553580307852,0.09044593815580021,0.04408015949394165,0.05680897434767185,0.04636878839556405,0.21231362250207653,0.09300773141158354,0.12003808296806485,0.2259357175944664,0.03400562728019047,0.12476379238290437,0.05536140511814267,0.16668731182996807,0.07260195146277214,0.04314082291100344,0.11819869171559165,0.2096056983926,0.14159730098223214,0.07874094368799045,0.050266826554924766,0.13966812562780526,0.07874619642196262,0.07103834464987414,0.19414853321790104,0.1683870246297429,0.08278579095877635
35,2020-03-13,0.0848305648678319,0.09740700526533508,0.08540981968644812,0.128075383306689,0.07036750092633706,0.12309173886731706,0.19452077080714605,0.12255910691034783,0.09614151724372898,0.12816540008843127,0.10557257693428551,0.09176193536616806,0.08202222354390767,0.13374358535639333,0.09462749419504746,0.08754750273705551,0.2712163831628724,0.1291456511538007,0.0740038837184754,0.08199598647905464,0.07302176183065968,0.2617842658279211,0.11467751619681255,0.16459102280303375,0.09717355956207385,0.12044853946677254,0.07137224051008147,0.06554749861836658,0.13387808598782125,0.11494593428149576,0.07397301985584896,0.055826389144667095,0.2596851350099024,0.11848784744409911,0.10870343213116314,0.09212950757734545,0.08621193785015678,0.10858346165001885,0.11044715153619333,0.31751459743103044,0.18742565771306718,0.07651307851892115,0.06161956032112492,0.14882950112641907,0.05859106226984687,0.16523540602847173,0.10518184337162173,0.08055738990131679,0.1538825644241326,0.03549308122629218,0.058741327604775434,0.053545625376858745,0.16276802515300856,0.12184024753212835,0.11951964578206066,0.17635614503523436,0.12731629985608597,0.11429366748012217,0.1342300337416004,0.06315584532665346,0.13721128159839255,0.04361287801615471,0.07889657905973695,0.04137883501274514,0.033524205895338874,0.0448359051941547,0.20461759106123276,0.0842467437244459,0.09767174030521436,0.1798057143335511,0.04740431204203944,0.10952135492022962,0.04070561588977728,0.16878635577551462,0.06863936421888424,0.05084995802963147,0.08862094740332659,0.1883604605907513,0.1437297033581261,0.07709042086215305,0.04651756743802957,0.1007824832180426,0.04324018093321491,0.06664950987082087,0.18100539466111054,0.13834719436148604,0.07860028953408836
36,2020-03-14,0.07405709942281376,0.08768293875136546,0.070006689912582,0.11449591546476028,0.06523672909887283,0.1057182950546555,0.15028035732593564,0.08703976568088101,0.07549758832383437,0.068491432690098,0.08063628605765566,0.0469662489083284,0.09254330964743236,0.10034252183754155,0.07127317368509357,0.08952591842982532,0.22328992725049804,0.05712832499890161,0.041567061451431735,0.062279291144178295,0.045676272902825665,0.15270471314188544,0.11000135693288648,0.15263202415056146,0.05740878770280825,0.09075576403986811,0.08061756354075147,0.0651952655391503,0.11399584720486759,0.10619140665533877,0.05641564619418867,0.03999812694178789,0.2131613126482694,0.09109507356451711,0.08732723408649255,0.08735858137775121,0.09291401997741992,0.08188335513740833,0.09449439199345339,0.2719828762716438,0.14832380151634086,0.07831071776482358,0.0948517926247554,0.17232626534150208,0.04637382107123925,0.16874970670351133,0.0805453502285146,0.04335223818871712,0.13171899293129208,0.03270153363151446,0.05794267554502832,0.0718435135517899,0.12217913176844127,0.09921157814958893,0.0968906026628017,0.11152356976799825,0.0956655482643204,0.06809574870103617,0.13907683485882355,0.046014181395804314,0.13596217972604738,0.05407117030882692,0.07328277294143944,0.05272807721273496,0.04758548380091827,0.061967392644085274,0.1944615789590064,0.0781029054675799,0.08709906943610997,0.17323234192867784,0.0657182808691616,0.08636679834185908,0.043100354416884666,0.1459951139324008,0.05868929285347185,0.04505935152370277,0.08630187523635004,0.1994971233888944,0.10392492411532213,0.05858872159384549,0.02891783811958909,0.12558199496321684,0.05104809556670974,0.04210616266763062,0.18095746529984294,0.12928048069515855,0.10037003688107214
37,2020-03-15,0.04524184481917356,0.06390258708421932,0.05394354891632541,0.09312840651908953,0.050810122041980384,0.08392847989961912,0.10822113175530307,0.059296849465460155,0.04344770720819421,0.048897401972036396,0.07554653467860377,0.04426223699528179,0.09028917195785108,0.09442815810837218,0.05504021975867801,0.08508902618527396,0.17835223850287352,0.033818325949899114,0.034447988749579155,0.05163013447470576,0.0410811953121796,0.09709423454781468,0.08523016821536518,0.11987657323789196,0.041722648916728604,0.10936162223462532,0.06089679927010625,0.04381224181891841,0.07089914394348426,0.10158642121917942,0.0383278933855991,0.02058886915329492,0.15855967535224233,0.05581314016135678,0.0679670829578268,0.05475257876701708,0.052125777229363825,0.055121852054176114,0.08073122440533385,0.21724955974593085,0.10915338937453645,0.06486195074860218,0.04188257110036205,0.15359541708459098,0.03312619760972668,0.10943580975065782,0.0584181101994729,0.03578246853147817,0.107843643158553,0.015349847386078433,0.06497554222989117,0.03570724913231103,0.11233057432049028,0.07518405517787961,0.09730930528496012,0.08710531582698662,0.07984648227598487,0.05769881258355766,0.09719638507750028,0.05919988864933373,0.07859419247170572,0.025326020481093822,0.08586656794256575,0.03428408477647291,0.02525594035928723,0.04667083909715891,0.163796910697213,0.06313088067830674,0.08008699308058134,0.12747452941310497,0.05966927872805921,0.07922135883176162,0.035247998896684334,0.14986609312863844,0.05174166710181095,0.0275741684267936,0.07655627365061408,0.1796441418160013,0.11716000026751451,0.047977674481750145,0.018840831295532396,0.10393012501247013,0.03627742101389489,0.04624314296116539,0.14503299976087622,0.07085505961925528,0.05993843654053346
38,2020-03-16,0.0901702290786447,0.1086866284956926,0.0675522838277297,0.10800201381630097,0.070620976832393,0.0987404457064434,0.1663145856857029,0.06935676616108762,0.05991943281824297,0.0875447186619922,0.08495356563215904,0.05856470710907516,0.07380165211136405,0.097247411748829,0.07068863279993863,0.0990603102392313,0.23859830491015477,0.09502908079813131,0.0643343789669999,0.06408102807018778,0.048433381409939656,0.16857573248695268,0.09385895285138042,0.153133690271449,0.04893607423129138,0.15502030569104866,0.0737406698245164,0.06714506974466611,0.0994114800918791,0.12460088321329467,0.060080434072786765,0.0692950259920061,0.21165473846830418,0.08659902311094275,0.09740632397997058,0.08581566985332827,0.09166620275823667,0.0840398168621283,0.12825760902749145,0.28902769898521324,0.15535264320034778,0.07020177240842589,0.11853676601184522,0.15087732292956554,0.04514786430920983,0.1721217458904609,0.053500810419818585,0.05855754686331599,0.14117869450133824,0.03950940054321484,0.05541528213124949,0.06842607859138594,0.13423194042901113,0.0994411981564405,0.11285609521445843,0.13645434127781408,0.1039923942862145,0.09501825506639595,0.14447891339446728,0.07257578804338814,0.09302958916939379,0.04460867509632057,0.10883813173544078,0.04457017687309553,0.032549202425479394,0.048610841285243005,0.1992945349136106,0.06282425509198904,0.0847309411192854,0.1873537169619618,0.038936291317803455,0.08772742089192927,0.04977664508526375,0.15242347618881227,0.033676649939664766,0.041376923369026354,0.07662168062864666,0.21348583277098143,0.1234867999049309,0.04988497628562292,0.03702855583995531,0.10469688870880012,0.03898518291160744,0.060056762823902377,0.15213047212100814,0.1307737678023662,0.10162552785161812
39,2020-03-17,0.0736177797912677,0.10780908559969786,0.060991586983629824,0.11172664222485168,0.06893406857251495,0.1019229438134337,0.1617524320462104,0.07034744309774627,0.06315223785024796,0.0866954629021071,0.08340014860109289,0.06139298602446017,0.06375826852865686,0.11322328262227445,0.06639970106648428,0.0792727883920679,0.23121543848403273,0.07680781084459888,0.05201261149676292,0.05632928145619603,0.0547705352728006,0.18024856188452812,0.0898001720405381,0.15437744775403814,0.044951545149020146,0.13249735313489874,0.06791608657672082,0.05782891828766517,0.11449961488002432,0.09415096653781525,0.06683414140947541,0.07577219646525218,0.2193319331686923,0.08392672484267066,0.08427482633559367,0.06834358205205099,0.0861531478792489,0.11750393506192518,0.09767993345773997,0.2903687961702896,0.13134485848019714,0.06073263326857731,0.08865603209412377,0.10155700762188559,0.06295993551800548,0.19226863698733251,0.0763833623391118,0.05388102530436123,0.13057534030405496,0.04090063756730516,0.0518101786860218,0.05146389547956163,0.13682214933416717,0.10404164200785794,0.11303462379445028,0.08352093338567673,0.07683209995377915,0.0841057779736954,0.12383043760317132,0.054674677406537114,0.10516752574881298,0.04836418816250684,0.1015542100575255,0.05489258402065942,0.02223095998211422,0.07153388652023171,0.18297467867125106,0.07320919241064325,0.09048968646270855,0.17865399003584528,0.034345625470604324,0.09788824805490864,0.05943697975153996,0.15525158603745567,0.06813518659023453,0.028733934675754802,0.0810379201658073,0.18427372552506838,0.08556689176175751,0.044109117188696194,0.04149141465425237,0.10666738833791045,0.03528642659660515,0.043080918151745466,0.1335805827315975,0.11427311827918113,0.07629013386401846
40,2020-03-18,0.0479035963272871,0.10240851047734767,0.0718769230240117,0.10444775853336959,0.0693680906803799,0.11298066573291947,0.1360712231488677,0.07923692110292192,0.07663892116227752,0.08335453176584896,0.0884839910442377,0.08191479664799296,0.06912715335293326,0.09952953160474103,0.08777689570521839,0.10256976769008534,0.23888748039871732,0.07821068380160079,0.051971857693705374,0.06537052709171987,0.08984390400743786,0.20427621413530914,0.06741639594826532,0.16466392537517763,0.053738384612848945,0.1325580121353783,0.08939260440239312,0.05980481496042037,0.10869413826408007,0.10830739808840173,0.048544444193459386,0.07990052183609986,0.2194180263074784,0.07516927354715779,0.08414473995301602,0.06763683280292661,0.10085838341822718,0.07888432006085844,0.11839578877492697,0.29024830022888476,0.149909215098986,0.05943678703089047,0.09967082352177742,0.2156451704975277,0.06102700484800796,0.13640706272232497,0.07442854204838668,0.08087973274422434,0.15196824950034427,0.041852788875520526,0.049025417890904484,0.04672356194970903,0.16138728125431384,0.11515361763215337,0.09415540092212277,0.07702174042737367,0.09363817232082261,0.08946052223188512,0.1524757922690442,0.047543391962901305,0.11554737555549238,0.06281423864373763,0.07517115803739068,0.04385846035367671,0.03252798815987525,0.07567485188339988,0.20416945796519467,0.07403055618663462,0.10335383743847813,0.17849334583078272,0.039375019184090705,0.1144189829958943,0.04906622571564803,0.1630204621099071,0.06626063893291319,0.0356392314975738,0.1000926559402598,0.25841272367543194,0.14106203142013726,0.05638024948523946,0.03606625582976394,0.1123950215655154,0.04446545107856595,0.0826191522383226,0.15539791862214844,0.16645647180090647,0.09881628605300642
41,2020-03-19,0.0708067186273804,0.11306903507744488,0.060626068691714864,0.1175857347625921,0.07174868905229405,0.12374411841662626,0.14831493023946143,0.05381022640274604,0.08266264195575587,0.09455896622892167,0.08640757456156924,0.08243268862857084,0.08919405395560781,0.1149505217601574,0.06211407740645372,0.08663841938385286,0.236001468337802,0.09506513096069968,0.07451622650463421,0.056967598086050224,0.06457773710668145,0.1848644715847355,0.07808442469797934,0.17494184198047094,0.06066393254094291,0.10820483367616622,0.07974742631693357,0.045127771307344876,0.0846549319457806,0.10030361845421852,0.0593271591838396,0.10093567154285349,0.21349317809455504,0.08033472675100342,0.10093545119961116,0.07376718929076397,0.09938078030720565,0.05667552089694768,0.09651729840361434,0.28221587224490924,0.1319992838777196,0.06948604006056315,0.08213418368973527,0.16844862071548614,0.05662669143956028,0.18161058413768302,0.05675707463644294,0.07472977344444771,0.14478832695595437,0.021521706914181257,0.03925820233656522,0.05835363107987477,0.13588451870707777,0.13161529328892993,0.09297036442206484,0.09862102259938284,0.08715764750641403,0.07688272313866236,0.12038269797107122,0.03297018319101452,0.11482625068187731,0.029272989466280697,0.03951530089039058,0.045490305469385615,0.05213000127002621,0.06734505325795175,0.1916386199696615,0.09563854184501623,0.08704823300020419,0.16267032747481705,0.040833081748918885,0.08580076625063643,0.04033974326169716,0.16986165994805713,0.07584953367370317,0.04426317587192149,0.09815492624135892,0.1958301918969775,0.11709597863352232,0.054552694367071684,0.04639037482568497,0.13028968564823487,0.042725103903726074,0.07525114739480797,0.18949714674086315,0.1662852222108088,0.11269970998408084
42,2020-03-20,0.06557112513796438,0.10074718405669646,0.08651322963301011,0.11961381636594992,0.07038046180679208,0.1180294556491983,0.21922530633073092,0.0799978714358293,0.05598250130076207,0.09998713059301324,0.08646040186925263,0.06886425660177599,0.08707005756582474,0.12262295451300166,0.07759395098107771,0.09411541921735657,0.22440141179633613,0.05669940560559097,0.06503274163877885,0.06437909690372838,0.08011411840964114,0.21298413495860882,0.08625524986414594,0.1352888029932161,0.05543675533820632,0.10498660708751863,0.08712788042655746,0.0325920329073789,0.09636599698032179,0.0943494994551809,0.0686008676920159,0.04719733166617355,0.22262610653731116,0.0946020457064269,0.1061028900173968,0.09457949520863362,0.10364926269619205,0.07641295576353428,0.08933109809387403,0.29022154656223853,0.12924750438577343,0.06993147608829622,0.0836791481390639,0.15025295030090213,0.05094985209900926,0.16722670219035385,0.041243697721987514,0.055605084205364856,0.12391759937894796,0.04843577427011921,0.03514123327686415,0.046955267991428164,0.1257283007501866,0.09796334258376242,0.12315955742747842,0.11068921393482951,0.09495956696134428,0.08432612078433459,0.12299949802678646,0.02903758044408727,0.11853975442484377,0.028257051280265903,0.07678171392075736,0.0644456499648219,0.05542982987298566,0.07313273249978913,0.17629470894616894,0.08210356733340553,0.08473305172348554,0.17809264667258942,0.04233031352234936,0.11100539940600142,0.05297585752128723,0.15699342598195698,0.0560215367952592,0.03789787602426768,0.08607983278000271,0.15047166749152152,0.0782680037999781,0.04294162119642885,0.03241618486504106,0.08827174307176193,0.05684644164594166,0.05276515159627382,0.13753041659558582,0.11524366589017863,0.09427320769517826
43,2020-03-21,0.06097566809607411,0.1059122270695041,0.08407528915726892,0.10720523993993375,0.06064754045881738,0.10955847890347808,0.12303172210829666,0.06731325401106172,0.053068822711527415,0.0757603456160152,0.08409351773980199,0.04900626857693041,0.0633556871201801,0.10898401092420372,0.061868409580286964,0.05523011001214267,0.19906339672967344,0.05896110908172525,0.041061128644776165,0.04621284963584654,0.055182330643182766,0.15487559887500524,0.052677169709790424,0.13736345999135527,0.06613024214188602,0.08635039362656483,0.06474192680380338,0.036269152153425695,0.10340244972745567,0.09456254189312722,0.052439944155777386,0.0370164506988546,0.20279270641067657,0.045696815097344745,0.08771595044982224,0.07085696654758551,0.08327262204167558,0.05261245521083383,0.08741000447981119,0.22157452452132323,0.10470362871149434,0.04418315705818382,0.032856144408087685,0.08121602164368368,0.03208911162887219,0.15447547625073144,0.04540573483529665,0.03719823605154415,0.11469390753921015,0.03019440727916915,0.03098289768864375,0.05164266437620985,0.11761900985582437,0.10559822728962813,0.1046393004727565,0.07548755306280945,0.0725067793715066,0.06852117458002353,0.1118402702325045,0.08099672139478808,0.1188140013112438,0.01976571867508417,0.02175750326710744,0.057900989346370724,0.03326842401389591,0.04998093996551361,0.16666416906786968,0.09985547239126263,0.10290216954911031,0.1465848237714505,0.03300753704444996,0.0869952035731671,0.043624374623377295,0.1347111752246278,0.051745561017109455,0.03652442717032596,0.08798603654207955,0.14338192021689253,0.06278589576678122,0.04923881701825126,0.026987346378252938,0.13041346919193128,0.042691184828323236,0.04550913757380278,0.12774545459349493,0.12188641719996186,0.07879349718319635
